{
	"PARTICLE_NUM": {
		"text": "Количество звёзд",
		"value": 500,
		"type": "slider",
		"min": 10,
		"max": 2000,
		"step": 10
	},
	"PARTICLE_BASE_RADIUS": {
		"text": "Максимальный размер звёзд",
		"value": 0.6,
		"type": "slider",
		"min": 0.01,
		"max": 0.7,
		"step": 0.01
	},
	"DEFAULT_SPEED": {
		"text": "Скорость звёзд",
		"value": 2,
		"type": "slider",
		"min": 0.01,
		"max": 50,
		"step": 0.01
	},
	"PARTICLE_COLOR": {
		"text": "Цвет звёзд",
		"type": "color",
		"value": "#D4F9FF"
	},
	"BACKGROUND_CHECK": {
		"text": "Использовать фон",
		"type": "checkbox",
		"value": true
	},
	"CANVAS_IMAGE": {
		"text": "Изображение",
		"type": "folderDropdown",
		"folder": "wallpapers",
		"value": "default.jpg",
		"filter": "*.jpg|*.png"
	},
	"FONT_CHECK": {
		"text": "Отобразить Часы",
		"type": "checkbox",
		"value": true
	},
	"CLOCK_POSITION": {
		"text": "Позиция Часов",
		"type": "dropdown",
		"value": 1,
		"items": [
			"Верх Слева",
			"Верх Справа",
			"Низ Слева",
			"Низ Справа"
		]
	},
	"FONT_SIZE": {
		"text": "Размер Шрифта",
		"type": "slider",
		"min": 10,
		"max": 200,
		"step": 1,
		"value": 52
	},
	"FONT_COLOR": {
		"text": "Цвет Шрифта",
		"type": "color",
		"value": "#D4F9FF"
	},
	"FONT_ALPHA": {
		"text": "Прозрачность Шрифта",
		"type": "slider",
		"value": 0.8,
		"min": 0,
		"max": 1,
		"step": 0.01
	},
	"MS_CHECK": {
		"text": "Показать миллисекунды",
		"type": "checkbox",
		"value": false
	}
}